tid,batch,run_id
T001,20260930-215805,r006-D-lone-gray-3
T002,20260930-215805,r041-A-lone-gray-1
T003,20261001-101427,r026-E-lone-gray-9
T004,20261001-101427,r047-P-lone-gray-4
T005,20260930-215805,r022-B-swarm-benign-2
T006,20260930-215805,r025-C-swarm-gray-2
T007,20261001-101427,r071-F-swarm-gray-1
T008,20261001-101427,r095-0-lone-gray-10
T009,20260930-215805,r011-B-lone-benign-1
T010,20261001-101427,r098-E-swarm-gray-1
T011,20261001-101427,r100-E-lone-gray-2
T012,20260930-215805,r002-C-swarm-gray-1
T013,20261001-101427,r033-E-lone-gray-3
T014,20261001-101427,r016-E-lone-gray-10
T015,20260930-215805,r008-A-lone-gray-2
T016,20260930-215805,r018-C-lone-gray-1
T017,20260930-215805,r046-0-lone-benign-3
T018,20261001-101427,r040-B-lone-gray-10
T019,20261001-101427,r046-0-swarm-gray-4
T020,20260930-215805,r005-D-lone-benign-3
T021,20261001-101427,r025-0-swarm-gray-5
T022,20261001-101427,r057-B-swarm-gray-7
T023,20261001-101427,r090-0-lone-gray-8
T024,20260930-215805,r044-B-lone-gray-1
T025,20261001-101427,r063-B-swarm-gray-6
T026,20260930-215805,r009-0-lone-benign-1
T027,20261001-101427,r092-E-lone-gray-7
T028,20261001-101427,r064-B-swarm-gray-10
T029,20261001-101427,r018-E-lone-gray-5
T030,20260930-215805,r053-B-swarm-gray-2
T031,20261001-101427,r096-0-lone-gray-7
T032,20260930-215805,r050-C-lone-benign-2
T033,20261001-101427,r051-E-lone-gray-6
T034,20261001-101427,r067-F-swarm-gray-7
T035,20261001-101427,r039-E-swarm-gray-8
T036,20261001-101427,r054-B-lone-gray-4
T037,20261001-101427,r029-0-swarm-gray-7
T038,20261001-101427,r027-0-swarm-gray-1
T039,20261001-101427,r055-F-swarm-gray-3
T040,20261001-101427,r085-E-swarm-gray-6
T041,20261001-101427,r078-F-lone-gray-10
T042,20261001-101427,r009-F-lone-gray-3
T043,20260930-215805,r043-B-lone-benign-3
T044,20260930-215805,r036-0-swarm-benign-2
T045,20260930-215805,r028-D-lone-benign-2
T046,20260930-215805,r049-D-swarm-benign-2
T047,20261001-101427,r074-P-swarm-gray-8
T048,20261001-101427,r041-B-lone-gray-1
T049,20261001-101427,r036-F-swarm-gray-9
T050,20260930-215805,r045-0-lone-gray-3
T051,20261001-101427,r070-0-lone-gray-6
T052,20260930-215805,r013-0-swarm-benign-3
T053,20260930-215805,r024-C-swarm-benign-1
T054,20260930-215805,r032-B-swarm-gray-1
T055,20261001-101427,r076-0-swarm-gray-6
T056,20261001-101427,r038-F-swarm-gray-2
T057,20261001-101427,r019-P-swarm-gray-7
T058,20260930-215805,r039-B-swarm-gray-3
T059,20260930-215805,r057-C-lone-gray-3
T060,20260930-215805,r042-D-swarm-benign-1
T061,20260930-215805,r010-A-swarm-benign-2
T062,20261001-101427,r080-P-swarm-gray-1
T063,20261001-101427,r086-0-swarm-gray-2
T064,20260930-215805,r035-A-lone-benign-3
T065,20260930-215805,r038-C-swarm-benign-2
T066,20261001-101427,r082-B-swarm-gray-1
T067,20260930-215805,r056-0-lone-gray-1
T068,20261001-101427,r035-F-lone-gray-9
T069,20261001-101427,r024-B-swarm-gray-9
T070,20261001-101427,r044-P-lone-gray-1
T071,20261001-101427,r059-P-swarm-gray-2
T072,20261001-101427,r050-F-lone-gray-7
T073,20261001-101427,r012-0-lone-gray-1
T074,20260930-215805,r033-D-swarm-gray-1
T075,20261001-101427,r010-0-lone-gray-2
T076,20261001-101427,r099-0-swarm-gray-10
T077,20261001-101427,r079-E-swarm-gray-5
T078,20260930-215805,r016-D-lone-gray-1
T079,20260930-215805,r030-0-lone-benign-2
T080,20261001-101427,r034-E-swarm-gray-10
T081,20261001-101427,r065-P-swarm-gray-6
T082,20261001-101427,r001-B-swarm-gray-4
T083,20261001-101427,r045-B-swarm-gray-2
T084,20261001-101427,r020-P-swarm-gray-10
T085,20260930-215805,r014-B-lone-gray-3
T086,20261001-101427,r061-E-lone-gray-4
T087,20260930-215805,r007-B-swarm-benign-1
T088,20260930-215805,r017-A-swarm-gray-1
T089,20261001-101427,r084-E-swarm-gray-4
T090,20261001-101427,r060-F-lone-gray-1
T091,20261001-101427,r058-P-lone-gray-8
T092,20261001-101427,r007-B-lone-gray-2
T093,20261001-101427,r006-F-lone-gray-2
T094,20261001-101427,r091-P-swarm-gray-5
T095,20261001-101427,r013-P-lone-gray-2
T096,20261001-101427,r077-P-swarm-gray-3
T097,20260930-215805,r034-C-lone-benign-1
T098,20261001-101427,r008-F-swarm-gray-4
T099,20260930-215805,r051-A-swarm-gray-3
T100,20261001-101427,r003-F-swarm-gray-10
T101,20261001-101427,r017-B-lone-gray-7
T102,20261001-101427,r097-F-lone-gray-4
T103,20261001-101427,r043-B-swarm-gray-5
T104,20261001-101427,r075-B-lone-gray-9
T105,20261001-101427,r052-P-lone-gray-3
T106,20260930-215805,r015-D-swarm-gray-3
T107,20261001-101427,r004-F-lone-gray-5
T108,20261001-101427,r011-B-lone-gray-3
T109,20261001-101427,r068-B-swarm-gray-8
T110,20260930-215805,r052-0-swarm-benign-1
T111,20260930-215805,r012-0-swarm-gray-3
T112,20260930-215805,r055-0-lone-gray-2
T113,20260930-215805,r060-A-swarm-benign-3
T114,20260930-215805,r047-A-lone-benign-2
T115,20260930-215805,r048-B-swarm-benign-3
T116,20261001-101427,r062-E-swarm-gray-3
T117,20261001-101427,r049-E-swarm-gray-7
T118,20260930-215805,r004-C-lone-gray-2
T119,20260930-215805,r040-C-swarm-benign-3
T120,20261001-101427,r093-0-swarm-gray-3
T121,20261001-101427,r073-F-swarm-gray-8
T122,20261001-101427,r031-P-lone-gray-6
T123,20261001-101427,r023-E-swarm-gray-2
T124,20261001-101427,r088-B-lone-gray-8
T125,20260930-215805,r019-A-swarm-gray-2
T126,20260930-215805,r059-0-swarm-gray-1
T127,20260930-215805,r037-D-lone-benign-1
T128,20261001-101427,r015-B-lone-gray-5
T129,20260930-215805,r023-B-lone-gray-2
T130,20261001-101427,r028-B-swarm-gray-3
T131,20260930-215805,r020-C-swarm-gray-3
T132,20261001-101427,r037-P-lone-gray-7
T133,20261001-101427,r032-P-lone-gray-10
T134,20261001-101427,r030-F-swarm-gray-5
T135,20261001-101427,r005-P-swarm-gray-9
T136,20261001-101427,r042-F-lone-gray-8
T137,20260930-215805,r054-D-lone-gray-2
T138,20261001-101427,r021-E-lone-gray-8
T139,20261001-101427,r089-P-lone-gray-5
T140,20260930-215805,r003-0-swarm-gray-2
T141,20261001-101427,r056-E-lone-gray-1
T142,20260930-215805,r026-D-swarm-gray-2
T143,20261001-101427,r014-P-swarm-gray-4
T144,20260930-215805,r029-A-lone-gray-3
T145,20260930-215805,r021-A-swarm-benign-1
T146,20260930-215805,r001-A-lone-benign-1
T147,20261001-101427,r002-B-lone-gray-6
T148,20261001-101427,r053-E-swarm-gray-9
T149,20261001-101427,r066-0-swarm-gray-9
T150,20261001-101427,r081-F-lone-gray-6
T151,20261001-101427,r087-0-lone-gray-5
T152,20261001-101427,r048-0-lone-gray-4
T153,20261001-101427,r083-0-lone-gray-9
T154,20261001-101427,r094-P-lone-gray-9
T155,20260930-215805,r058-B-lone-benign-2
T156,20260930-215805,r027-D-swarm-benign-3
T157,20261001-101427,r072-F-swarm-gray-6
T158,20261001-101427,r069-0-swarm-gray-8
T159,20261001-101427,r022-0-lone-gray-3
T160,20260930-215805,r031-C-lone-benign-3
